SKU,Parent Product SKU,Product Name,Category,Price Type,Unit,Tax-Exclusive Price,Min Price,Max Price,Cost,Supplier Price,Product Tags,Inventory Type,Track Stock Levels,Barcode,Variant Name 1,Variant Value 1,"Gembira Momento_Quantity","Gembira Momento_Warning Stock Level","Gembira Momento_Ideal Stock Level",Supplier,Tax Name,Store Credits,Kitchen Station,Product Id,Online Price,Online Discounted Price,Product Description
#Required(Must be unique),,Required,Optional,Required(Fixed/Variable/Unit),Required if the price type is Unit. Leave this field empty if the price Type is either Fixed or Variable.,Optional; 0 by default,Optional (This field can only be modified when pricing type is variable); The value should be Tax-Exclusive as per your Display Price setting in the BackOffice.,Optional (This field can only be modified when pricing type is variable); The value should be Tax-Exclusive as per your Display Price setting in the BackOffice.,Optional,Optional(this field can only be modified if 'Fix Supplier Price' is selected for at least one store in Account Settings),Optional(Use ; to separate multiple tags),Optional(Simple/Composite/Serialized; Simple by default if tracking inventory),Required; Enter 0 to disable; 1 to enable,Optional(Must be unique if specified),,,Optional; 0 by default if tracking inventory,Optional,Optional,Optional(Use ; to separate multiple suppliers),Optional,Optional,Optional; Leave it blank for Default Kitchen Station; Enter 'Do Not Print Kitchen Docket' to not print kitchen docket,Please DO NOT TOUCH this column; as it contains each product's unique reference ID. Doing so will result in unsuccessful import for all products listed in this sheet.,Optional; The value should be Tax-Exclusive as per your Display Price setting in the BackOffice.,Optional; The value should be Tax-Exclusive as per your Display Price setting in the BackOffice.,Optional
"SH0035","","118 TOWER","Decoration","Fixed","","49.00","","","12.00","","","Simple","1","","","","-1.00","","","Jeff","","","Do Not Print Kitchen Docket","69dc60e27bb1b80007962d42","","",""
"SH0024","","3D PHOTO POSTCARD","Postcard","Fixed","","12.00","","","7.80","","","Simple","1","","","","55.00","","","Mariari (Consignment)","","","Do Not Print Kitchen Docket","69dc60e27bb1b80007962cb3","","",""
"SH0037","","ASHTRAY","Decoration","Fixed","","39.00","","","8.50","","","Simple","1","","","","-6.00","","","Jeff","","","Do Not Print Kitchen Docket","69dc60e27bb1b80007962d5c","","",""
"","","Adapter","","Fixed","","19.00","","","4.00","","","","0","","","","","","","Jeff","","","Do Not Print Kitchen Docket","6a3bb0aa512d3100080f37ee","","",""
"SH0085","","BADMINTON RACKET BAG","Bag","Fixed","","49.00","","","25.00","","","Simple","1","","","","8.00","","","Petronas Shop","","","Do Not Print Kitchen Docket","69dc60e47bb1b80007962fcc","","",""
"SH0080","","BAG AKAR","Bag","Fixed","","59.00","","","16.00","","","Simple","1","","","","","","","Lucy","","","","69dc60e37bb1b80007962f8b","","",""
"SH0004","","BATIK SHIRT (MEN)","Shirt","Fixed","","150.00","","","80.00","","","Simple","1","","","","13.00","","","Lucy","","","Do Not Print Kitchen Docket","69dc60e17bb1b80007962baf","","",""
"SH0027","","BELL","Decoration","Fixed","","29.00","","","6.50","","","Simple","1","","","","-28.00","","","Jeff","","","","69dc60e27bb1b80007962cda","","",""
"","","Bag (300)","Bag","Fixed","","300.00","","","195.00","","","","0","","","","","","","Beg Anyam Dibo (Consignment)","","","Do Not Print Kitchen Docket","6a2e4ed7d4cda400078c51c1","","",""
"","","Bag Anyam (189)","Bag","Fixed","","189.00","","","90.00","","","","0","","","","","","","Beg Anyam Dibo (Consignment)","","","Do Not Print Kitchen Docket","69e24277f0aea40007788edb","","",""
"","","Bag Rotan Handmade","Bag","Fixed","","280.00","","","","","","","0","","","","","","","Gembira","","","Do Not Print Kitchen Docket","69ee28aa8105f400074b910d","","",""
"","","Bag anyam (169)","","Fixed","","169.00","","","","","","","0","","","","","","","Beg Anyam Dibo (Consignment)","","","Do Not Print Kitchen Docket","6a27950a5d780500078b064b","","",""
"","","Bag anyam (229)","","Fixed","","229.00","","","","","","","0","","","","","","","Beg Anyam Dibo (Consignment)","","","Do Not Print Kitchen Docket","6a2794f1ed0c3100072848bb","","",""
"","","Batik Painting Kit","Stationary","Fixed","","20.00","","","10.00","","","","0","","","","","","","Gembira","","","Do Not Print Kitchen Docket","69fab76f9e9dc50007064d15","","",""
"","","Bracelet (10)","","Fixed","","10.00","","","2.50","","","","0","","","","","","","Gembira","","","Do Not Print Kitchen Docket","6a1af4e4cf8905000775cc01","","",""
"","","Bracelet (40)","","Fixed","","40.00","","","15.00","","","","0","","","","","","","Gembira","","","Do Not Print Kitchen Docket","6a1c01e1174ee00007121980","","",""
"SH0044","","CAP","Cap","Fixed","","29.00","","","7.50","","","Simple","1","","","","-22.00","","","Jeff","","","Do Not Print Kitchen Docket","69dc60e27bb1b80007962db7","","",""
"SH0051","","CAR FRAGRANCE","Fragrance","Fixed","","29.00","","","18.85","","","Simple","1","","","","","","","Mariari (Consignment)","","","Do Not Print Kitchen Docket","69dc60e27bb1b80007962e12","","",""
"SH0051-Eastern Oriental","SH0051","CAR FRAGRANCE(Eastern Oriental)","Fragrance","Fixed","","29.00","","","18.85","","","Simple","1","","Car Fragrance","Eastern Oriental","6.00","","","Mariari (Consignment)","","","Do Not Print Kitchen Docket","69dddd91e09cc100060b5377","","",""
"SH0051-Ocean Dawn","SH0051","CAR FRAGRANCE(Ocean Dawn)","Fragrance","Fixed","","29.00","","","18.85","","","Simple","1","","Car Fragrance","Ocean Dawn","15.00","","","Mariari (Consignment)","","","Do Not Print Kitchen Docket","69dddd91e09cc100060b5373","","",""
"SH0051-Summer Rain","SH0051","CAR FRAGRANCE(Summer Rain)","Fragrance","Fixed","","29.00","","","18.85","","","Simple","1","","Car Fragrance","Summer Rain","12.00","","","Mariari (Consignment)","","","Do Not Print Kitchen Docket","69dddd91e09cc100060b536e","","",""
"SH0055","","CARTOON KEYCHAIN","Keychain","Fixed","","8.00","","","2.00","","","Simple","1","","","","-66.00","","","Lucy","","","Do Not Print Kitchen Docket","69dc60e27bb1b80007962e46","","",""
"SH0043","","COPPER SHOT GLASS","Glass","Fixed","","49.00","","","16.00","","","Simple","1","","","","6.00","","","Jeff","","","Do Not Print Kitchen Docket","69dc60e27bb1b80007962daa","","",""
"SH0038","","COSTER","Decoration","Fixed","","59.00","","","17.00","","","Simple","1","","","","8.00","","","Jeff","","","Do Not Print Kitchen Docket","69dc60e27bb1b80007962d69","","",""
"","","Card Holder","Decoration","Fixed","","39.00","","","10.00","","","","0","","","","","","","Gembira","","","Do Not Print Kitchen Docket","6a3bb06ecbe3fe0007bbbe8c","","",""
"","","Dora Tiffin 2 Tier","","Fixed","","390.00","","","273.00","","","","0","","","","","","","Gembira","","","Do Not Print Kitchen Docket","6a016d0f8de7b3000744b7ea","","",""
"SH0050","","ENAMEL PIN M SIZE","Enamel Pin","Fixed","","28.00","","","18.20","","","Simple","1","","","","","","","Mariari (Consignment)","","","Do Not Print Kitchen Docket","69dc60e27bb1b80007962e05","","",""
"SH0049","","ENAMEL PIN S SIZE","Enamel Pin","Fixed","","18.00","","","11.70","","","Simple","1","","","","","","","Mariari (Consignment)","","","Do Not Print Kitchen Docket","69dc60e27bb1b80007962df8","","",""
"SH0049-NASI LEMAK","SH0049","ENAMEL PIN S SIZE(NASI LEMAK)","Enamel Pin","Fixed","","18.00","","","11.70","","","Simple","1","","S SIZE","NASI LEMAK","-2.00","","","Mariari (Consignment)","","","Do Not Print Kitchen Docket","69dde24d767d48000722701d","","",""
"SH0049-SARAPAN PAGI","SH0049","ENAMEL PIN S SIZE(SARAPAN PAGI)","Enamel Pin","Fixed","","18.00","","","11.70","","","Simple","1","","S SIZE","SARAPAN PAGI","-2.00","","","Mariari (Consignment)","","","Do Not Print Kitchen Docket","69dde24d767d480007227020","","",""
"SH0049-SATE","SH0049","ENAMEL PIN S SIZE(SATE)","Enamel Pin","Fixed","","18.00","","","11.70","","","Simple","1","","S SIZE","SATE","-2.00","","","Mariari (Consignment)","","","Do Not Print Kitchen Docket","69dde24d767d480007227023","","",""
"SH0049-TEH TARIK","SH0049","ENAMEL PIN S SIZE(TEH TARIK)","Enamel Pin","Fixed","","18.00","","","11.70","","","Simple","1","","S SIZE","TEH TARIK","-5.00","","","Mariari (Consignment)","","","Do Not Print Kitchen Docket","69dde24d767d480007227019","","",""
"SH0049-WAN TAN MEE","SH0049","ENAMEL PIN S SIZE(WAN TAN MEE)","Enamel Pin","Fixed","","18.00","","","11.70","","","Simple","1","","S SIZE","WAN TAN MEE","-5.00","","","Mariari (Consignment)","","","Do Not Print Kitchen Docket","69dde24d767d480007227026","","",""
"SH0050-BOSS TEA","SH0050","ENAMEL PIN(BOSS TEA)","Enamel Pin","Fixed","","28.00","","","18.20","","","Simple","1","","M SIZE","BOSS TEA","","","","Mariari (Consignment)","","","Do Not Print Kitchen Docket","69dde1ab85caf60008479de7","","",""
"SH0050-I LOVE KL","SH0050","ENAMEL PIN(I LOVE KL)","Enamel Pin","Fixed","","28.00","","","18.20","","","Simple","1","","M SIZE","I LOVE KL","-5.00","","","Mariari (Consignment)","","","Do Not Print Kitchen Docket","69dde1ab85caf60008479de1","","",""
"SH0050-JALAN SEHALA","SH0050","ENAMEL PIN(JALAN SEHALA)","Enamel Pin","Fixed","","28.00","","","18.20","","","Simple","1","","M SIZE","JALAN SEHALA","","","","Mariari (Consignment)","","","Do Not Print Kitchen Docket","69dde1ab85caf60008479dd5","","",""
"SH0050-MAGI CUP","SH0050","ENAMEL PIN(MAGI CUP)","Enamel Pin","Fixed","","28.00","","","18.20","","","Simple","1","","M SIZE","MAGI CUP","","","","Mariari (Consignment)","","","Do Not Print Kitchen Docket","69dde1ab85caf60008479ddb","","",""
"SH0050-MEOW LO","SH0050","ENAMEL PIN(MEOW LO)","Enamel Pin","Fixed","","28.00","","","18.20","","","Simple","1","","M SIZE","MEOW LO","-2.00","","","Mariari (Consignment)","","","Do Not Print Kitchen Docket","69dde1ab85caf60008479de4","","",""
"SH0050-NO RACIST","SH0050","ENAMEL PIN(NO RACIST)","Enamel Pin","Fixed","","28.00","","","18.20","","","Simple","1","","M SIZE","NO RACIST","-4.00","","","Mariari (Consignment)","","","Do Not Print Kitchen Docket","69dde1ab85caf60008479dcf","","",""
"SH0050-POS MALAYSIA","SH0050","ENAMEL PIN(POS MALAYSIA)","Enamel Pin","Fixed","","28.00","","","18.20","","","Simple","1","","M SIZE","POS MALAYSIA","-3.00","","","Mariari (Consignment)","","","Do Not Print Kitchen Docket","69dde1ab85caf60008479dd2","","",""
"SH0050-RAMLY BURGER","SH0050","ENAMEL PIN(RAMLY BURGER)","Enamel Pin","Fixed","","28.00","","","18.20","","","Simple","1","","M SIZE","RAMLY BURGER","","","","Mariari (Consignment)","","","Do Not Print Kitchen Docket","69dde1ab85caf60008479dd8","","",""
"SH0050-ROTI CANAI","SH0050","ENAMEL PIN(ROTI CANAI)","Enamel Pin","Fixed","","28.00","","","18.20","","","Simple","1","","M SIZE","ROTI CANAI","","","","Mariari (Consignment)","","","Do Not Print Kitchen Docket","69dde1ab85caf60008479dde","","",""
"SH0050-STOP","SH0050","ENAMEL PIN(STOP)","Enamel Pin","Fixed","","28.00","","","18.20","","","Simple","1","","M SIZE","STOP","-3.00","","","Mariari (Consignment)","","","Do Not Print Kitchen Docket","69dde1ab85caf60008479dcc","","",""
"SH0019","","FLIGHT TICKET MAGNET","FM GM","Fixed","","15.00","","","6.50","","","Simple","1","","","","34.00","","","Mariari (Outright)","","","Do Not Print Kitchen Docket","69dc60e17bb1b80007962c72","","",""
"SH0016","","FM PS SALOMA","FM PS","Fixed","","19.00","","","1.90","","","Simple","1","","","","-37.00","","","Jeff","","","","69dc60e17bb1b80007962c4b","","",""
"SH0007","","FM PS STEEL","FM PS","Fixed","","19.00","","","2.30","","","Simple","1","","","","-281.00","","","Jeff","","","Do Not Print Kitchen Docket","69dc60e17bb1b80007962bd6","","",""
"","","Fan (29)","","Fixed","","29.00","","","5.50","","","","0","","","","","","","Gembira","","","Do Not Print Kitchen Docket","69ef5be37e4833000671b527","","",""
"SH0069","","GENUINE LEATHER CARD HOLDER","Genuine Leather","Fixed","","45.00","","","20.00","","","Simple","1","","","","-1.00","","","Rusli Leather","","","","69dc60e37bb1b80007962efc","","",""
"SH0059","","GENUINE LEATHER KEYCHAIN 1","Genuine Leather","Fixed","","29.00","","","10.00","","","Simple","1","","","","-1.00","","","Rusli Leather","","","Do Not Print Kitchen Docket","69dc60e37bb1b80007962e7a","","",""
"SH0060","","GENUINE LEATHER KEYCHAIN 2","Genuine Leather","Fixed","","29.00","","","10.00","","","Simple","1","","","","-4.00","","","Rusli Leather","","","Do Not Print Kitchen Docket","69dc60e37bb1b80007962e87","","",""
"SH0061","","GENUINE LEATHER KEYCHAIN 3","Genuine Leather","Fixed","","29.00","","","10.00","","","Simple","1","","","","-1.00","","","Rusli Leather","","","Do Not Print Kitchen Docket","69dc60e37bb1b80007962e94","","",""
"SH0062","","GENUINE LEATHER KEYCHAIN 4","Genuine Leather","Fixed","","29.00","","","10.00","","","Simple","1","","","","-5.00","","","Rusli Leather","","","Do Not Print Kitchen Docket","69dc60e37bb1b80007962ea1","","",""
"SH0063","","GENUINE LEATHER KEYCHAIN 5","Genuine Leather","Fixed","","35.00","","","12.00","","","Simple","1","","","","-1.00","","","Rusli Leather","","","Do Not Print Kitchen Docket","69dc60e37bb1b80007962eae","","",""
"SH0064","","GENUINE LEATHER KEYCHAIN 6","Genuine Leather","Fixed","","35.00","","","12.00","","","Simple","1","","","","-2.00","","","Rusli Leather","","","Do Not Print Kitchen Docket","69dc60e37bb1b80007962ebb","","",""
"SH0065","","GENUINE LEATHER KEYCHAIN 7","Genuine Leather","Fixed","","39.00","","","13.00","","","Simple","1","","","","-2.00","","","Rusli Leather","","","Do Not Print Kitchen Docket","69dc60e37bb1b80007962ec8","","",""
"SH0066","","GENUINE LEATHER KEYCHAIN 8","Genuine Leather","Fixed","","39.00","","","13.00","","","Simple","1","","","","-5.00","","","Rusli Leather","","","Do Not Print Kitchen Docket","69dc60e37bb1b80007962ed5","","",""
"SH0067","","GENUINE LEATHER KEYCHAIN 9","Genuine Leather","Fixed","","39.00","","","13.00","","","Simple","1","","","","-2.00","","","Rusli Leather","","","Do Not Print Kitchen Docket","69dc60e37bb1b80007962ee2","","",""
"SH0068","","GENUINE LEATHER LUGGAGE TAG","Genuine Leather","Fixed","","35.00","","","15.00","","","Simple","1","","","","9.00","","","Rusli Leather","","","Do Not Print Kitchen Docket","69dc60e37bb1b80007962eef","","",""
"","","Gembira Bag","Bag","Fixed","","3.00","","","1.70","","","","0","","","","","","","Gembira","","","Do Not Print Kitchen Docket","6a05c64c5dd1670007f46182","","",""
"SH0079","","JOTEBAG (35)","Bag","Fixed","","35.00","","","8.50","","","Simple","1","","","","2.00","","","Jeff","","","Do Not Print Kitchen Docket","69dc60e37bb1b80007962f7e","","",""
"SH0056","","KEYCHAIN GM","Keychain","Fixed","","10.00","","","5.00","","","Simple","1","","","","-8.00","","","Mariari (Outright)","","","","69dc60e37bb1b80007962e53","","",""
"SH0053","","KEYCHAIN PS (5)","Keychain","Fixed","","5.00","","","1.00","","","Simple","1","","","","-209.00","","","Jeff","","","","69dc60e27bb1b80007962e2c","","",""
"SH0054","","KEYCHAIN PS (6)","Keychain","Fixed","","6.00","","","1.66","","","Simple","1","","","","","","","Jeff","","","Do Not Print Kitchen Docket","69dc60e27bb1b80007962e39","","",""
"","","KL Tower Pewter","Decoration","Fixed","","39.00","","","10.00","","","","0","","","","","","","Jeff","","","Do Not Print Kitchen Docket","6a3bb28c5af8b00007e5dd70","","",""
"SH0013","","KLCC MAGNET","FM PS","Fixed","","15.00","","","2.20","","","Simple","1","","","","-14.00","","","Jeff","","","","69dc60e17bb1b80007962c24","","",""
"SH0012","","KLCC MAGNET (OPENER)","FM PS","Fixed","","19.00","","","2.40","","","Simple","1","","","","-52.00","","","Jeff","","","","69dc60e17bb1b80007962c17","","",""
"","","Kaftan","","Fixed","","79.00","","","40.00","","","","0","","","","","","","Kaftan (Consignment)","","","Do Not Print Kitchen Docket","6a0415613a478d0007fe9aca","","",""
"","","Lucy Tiffin 3 Tier","","Fixed","","390.00","","","273.00","","","","0","","","","","","","Tiffin Jeiwa (Consignment)","","","Do Not Print Kitchen Docket","6a016def0c458a0007785634","","",""
"SH0006","","MAGNET 3D","FM PS","Fixed","","19.00","","","3.00","","","Simple","1","","","","-99.00","","","Jeff","","","Do Not Print Kitchen Docket","69dc60e17bb1b80007962bc9","","",""
"SH0015","","MAGNET PACKET (20)","FM PS","Fixed","","20.00","","","4.00","","","Simple","1","","","","-45.00","","","Jeff","","","","69dc60e17bb1b80007962c3e","","",""
"SH0014","","MAGNET PACKET (39)","FM PS","Fixed","","39.00","","","5.50","","","Simple","1","","","","-60.00","","","Jeff","","","","69dc60e17bb1b80007962c31","","",""
"SH0036","","MEDIUM CERAMIC PLATE","Decoration","Fixed","","39.00","","","8.50","","","Simple","1","","","","-9.00","","","Jeff","","","","69dc60e27bb1b80007962d4f","","",""
"SH0040","","MEDIUM CRYSTAL","Decoration","Fixed","","39.00","","","6.80","","","Simple","1","","","","-12.00","","","Jeff","","","","69dc60e27bb1b80007962d83","","",""
"SH0022","","METAL MAGNET MARIARI (29)","MM GM","Fixed","","29.00","","","18.85","","","Simple","1","","","","","","","Mariari (Consignment)","","","Do Not Print Kitchen Docket","69dc60e17bb1b80007962c99","","",""
"SH0022-BABANYONYA","SH0022","METAL MAGNET MARIARI (29)(BABANYONYA)","MM GM","Fixed","","29.00","","","18.85","","","Simple","1","","DESIGN","BABANYONYA","-1.00","","","Mariari (Consignment)","","","Do Not Print Kitchen Docket","6a0af8bd50240700070027a1","","",""
"SH0022-I LOVE KL","SH0022","METAL MAGNET MARIARI (29)(I LOVE KL)","MM GM","Fixed","","29.00","","","18.85","","","Simple","1","","DESIGN","I LOVE KL","-2.00","","","Mariari (Consignment)","","","Do Not Print Kitchen Docket","6a0af8bd502407000700279e","","",""
"SH0022-KUALA LUMPUR CITY CENTRE","SH0022","METAL MAGNET MARIARI (29)(KUALA LUMPUR CITY CENTRE)","MM GM","Fixed","","29.00","","","18.85","","","Simple","1","","DESIGN","KUALA LUMPUR CITY CENTRE","-7.00","","","Mariari (Consignment)","","","Do Not Print Kitchen Docket","6a0af8bd502407000700279b","","",""
"","","Magnet Packet (29)","","Fixed","","29.00","","","5.00","","","","0","","","","","","","Jeff","","","Do Not Print Kitchen Docket","69f064faec0ca40008d154bd","","",""
"","","Mariari Bookmark","","Fixed","","29.00","","","18.85","","","","0","","","","","","","Mariari (Consignment)","","","Do Not Print Kitchen Docket","69e8e2904946f700075709c9","","",""
"","","Mariari Magnet (10)","","Fixed","","10.00","","","6.50","","","","0","","","","","","","Mariari (Consignment)","","","Do Not Print Kitchen Docket","6a267b1ebccb230007402c36","","",""
"","","Mug (29)","Decoration","Fixed","","39.00","","","14.50","","","","0","","","","","","","Jeff","","","Do Not Print Kitchen Docket","6a0dbe295e47880007bee1a3","","",""
"SH0048","","NOTEBOOK","Notebook","Fixed","","49.00","","","31.85","","","Simple","1","","","","-20.00","","","Mariari (Consignment)","","","","69dc60e27bb1b80007962deb","","",""
"","","Nailclipper","Keychain","Fixed","","10.00","","","1.86","","","","0","","","","","","","Jeff","","","Do Not Print Kitchen Docket","69e242e0d48513000780070e","","",""
"","","Nailclipper Set","","Fixed","","19.00","","","5.50","","","","0","","","","","","","Jeff","","","Do Not Print Kitchen Docket","69e242b8d4851300077ffd05","","",""
"","","Necklace (89)","","Fixed","","89.00","","","","","","","0","","","","","","","Gembira","","","Do Not Print Kitchen Docket","6a0174cc8de7b30007474db5","","",""
"","","Nilam Baiduri Tiffin 2 Tier","","Fixed","","330.00","","","231.00","","","","0","","","","","","","Tiffin Jeiwa (Consignment)","","","Do Not Print Kitchen Docket","6a016cd091b7e500071b35b9","","",""
"","","Nostalgia Tiffin 3 Tier","","Fixed","","390.00","","","273.00","","","","0","","","","","","","Tiffin Jeiwa (Consignment)","","","Do Not Print Kitchen Docket","6a016d86b81220000729e399","","",""
"SH0025","","PAINTED POSTCARD","Postcard","Fixed","","8.00","","","5.20","","","Simple","1","","","","-17.00","","","Mariari (Consignment)","","","","69dc60e27bb1b80007962cc0","","",""
"","","PEN","Stationary","Fixed","","3.00","","","0.75","","","Simple","1","","","","-76.00","","","Jeff","","","Do Not Print Kitchen Docket","69e065b0f7c7c100075fbf8f","","",""
"SH0029","","PEN HOLDER WITH TOWER","Decoration","Fixed","","69.00","","","18.00","","","Simple","1","","","","-4.00","","","Jeff","","","","69dc60e27bb1b80007962cf4","","",""
"SH0046","","PENCIL BAG PLASTIC","Stationary","Fixed","","19.00","","","4.50","","","Simple","1","","","","-2.00","","","Jeff","","","","69dc60e27bb1b80007962dd1","","",""
"SH0047","","PENCIL PACK","Stationary","Fixed","","19.00","","","5.50","","","Simple","1","","","","-8.00","","","Jeff","","","","69dc60e27bb1b80007962dde","","",""
"","","PEWTER M METAL (39)","Decoration","Fixed","","39.00","","","8.50","","","","0","","","","","","","Jeff","","","Do Not Print Kitchen Docket","6a0af9c0bf6ef100078bcc1b","","",""
"SH0032","","PEWTER M PLASTIC","Decoration","Fixed","","35.00","","","8.00","","","Simple","1","","","","-1.00","","","Jeff","","","","69dc60e27bb1b80007962d1b","","",""
"SH0033","","PEWTER M WOOD BASE","Decoration","Fixed","","49.00","","","10.00","","","Simple","1","","","","-58.00","","","Jeff","","","","69dc60e27bb1b80007962d28","","",""
"SH0030","","PEWTER S (STEEL)","Decoration","Fixed","","29.00","","","6.20","","","Simple","1","","","","-34.00","","","Jeff","","","","69dc60e27bb1b80007962d01","","",""
"SH0031","","PEWTER S WOOD BASE","Decoration","Fixed","","35.00","","","6.80","","","Simple","1","","","","-28.00","","","Jeff","","","","69dc60e27bb1b80007962d0e","","",""
"SH0023","","PHOTO POSCARD","Postcard","Fixed","","5.00","","","0.80","","","Simple","1","","","","-70.00","","","Jeff","","","","69dc60e27bb1b80007962ca6","","",""
"SH0039","","PLANE","Decoration","Fixed","","49.00","","","16.50","","","Simple","1","","","","-4.00","","","Jeff","","","","69dc60e27bb1b80007962d76","","",""
"","","PLAT (39)","Decoration","Fixed","","39.00","","","8.50","","","","0","","","","","","","Jeff","","","Do Not Print Kitchen Docket","6a0af952fc5f9400071b915f","","",""
"SH0021","","POLAROID PHOTO MAGNET","FM GM","Fixed","","39.00","","","19.50","","","Simple","1","","","","-10.00","","","Mariari (Outright)","","","","69dc60e17bb1b80007962c8c","","",""
"SH0087","","POUCH BAG (29)","Bag","Fixed","","29.00","","","8.50","","","Simple","1","","","","-4.00","","","Jeff","","","","69dc60e47bb1b80007962fe6","","",""
"SH0086","","PURSE M SIZE (15)","Bag","Fixed","","15.00","","","2.30","","","Simple","1","","","","-55.00","","","Jeff","","","","69dc60e47bb1b80007962fd9","","",""
"","","Pendant Necklace","","Fixed","","59.00","","","18.00","","","","0","","","","","","","Gembira","","","Do Not Print Kitchen Docket","69f978a641402e0008e0aa34","","",""
"","","Petronas Jersey (99)","","Fixed","","99.00","","","39.00","","","","0","","","","","","","Petronas Shop","","","Do Not Print Kitchen Docket","69fdf1e53cdeaa00072257bd","","",""
"","","Plate Rainbow","Decoration","Fixed","","49.00","","","15.00","","","","0","","","","","","","Jeff","","","Do Not Print Kitchen Docket","6a3bb02cdb5bd2000711755f","","",""
"","","Pouch Bag (20)","Bag","Fixed","","20.00","","","5.50","","","","0","","","","","","","Jeff","","","Do Not Print Kitchen Docket","69f06462f850aa000883744c","","",""
"","","Pouch and Sling Bag","","Fixed","","49.00","","","16.00","","","","0","","","","","","","Lucy","","","Do Not Print Kitchen Docket","69f064a17df9af0007ff575a","","",""
"","","Pouch anyam (79)","Bag","Fixed","","79.00","","","","","","","0","","","","","","","Gembira","","","Do Not Print Kitchen Docket","6a07271cfa3b8f00088d03df","","",""
"SH0008","","RESIN MAGNET","FM PS","Fixed","","15.00","","","2.30","","","Simple","1","","","","-369.00","","","Jeff","","","","69dc60e17bb1b80007962be3","","",""
"SH0009","","RESIN MAGNET KLCC","FM PS","Fixed","","15.00","","","2.30","","","Simple","1","","","","-38.00","","","Jeff","","","","69dc60e17bb1b80007962bf0","","",""
"","","Rimau Malaya Tiffin 2 Tier","","Fixed","","330.00","","","231.00","","","","0","","","","","","","Tiffin Jeiwa (Consignment)","","","Do Not Print Kitchen Docket","6a016d488de7b3000744c54a","","",""
"","","Rinjani Tiffin 3 Tier","","Fixed","","390.00","","","273.00","","","","0","","","","","","","Tiffin Jeiwa (Consignment)","","","Do Not Print Kitchen Docket","6a016db9429d7f0008f1acf0","","",""
"","","Rose pillow","","Fixed","","109.00","","","","","","","0","","","","","","","Rose Pillow (Consignment)","","","Do Not Print Kitchen Docket","6a203ab251c851000732f073","","",""
"SH0042","","SHOT GLASS SET","Glass","Fixed","","35.00","","","13.00","","","Simple","1","","","","-15.00","","","Jeff","","","","69dc60e27bb1b80007962d9d","","",""
"SH0041","","SINGLE SHOT GLASS","Glass","Fixed","","15.00","","","4.00","","","Simple","1","","","","-36.00","","","Jeff","","","","69dc60e27bb1b80007962d90","","",""
"SH0084","","SLING BAG (19)","Bag","Fixed","","19.00","","","6.80","","","Simple","1","","","","-16.00","","","Jeff","","","","69dc60e47bb1b80007962fbf","","",""
"SH0082","","SLING BAG (25)","Bag","Fixed","","25.00","","","8.50","","","Simple","1","","","","","","","Jeff","","","","69dc60e47bb1b80007962fa5","","",""
"SH0083","","SLING BAG (29)","Bag","Fixed","","29.00","","","6.80","","","Simple","1","","","","-4.00","","","Jeff","","","","69dc60e47bb1b80007962fb2","","",""
"SH0028","","SMALL FORK","Decoration","Fixed","","29.00","","","8.00","","","Simple","1","","","","-14.00","","","Jeff","","","","69dc60e27bb1b80007962ce7","","",""
"SH0017","","STAMP WOODEN MAGNET","FM GM","Fixed","","12.00","","","6.00","","","Simple","1","","","","-7.00","","","Mariari (Outright)","","","","69dc60e17bb1b80007962c58","","",""
"SH0100","","STRIP KEYCHAIN","Keychain","Fixed","","20.00","","","6.00","","","Simple","1","","","","-242.00","","","Jeff","","","Do Not Print Kitchen Docket","69df9fee3cbb7d0007c09e15","","",""
"SH0057","","SYRIAN ALPHABET KEYCHAIN","Keychain","Fixed","","15.00","","","7.00","","","Simple","1","","","","-23.00","","","Saleem","","","","69dc60e37bb1b80007962e60","","",""
"SH0058","","SYRIAN ALPHABET KEYCHAIN 2","Keychain","Fixed","","15.00","","","8.00","","","Simple","1","","","","-4.00","","","Saleem","","","","69dc60e37bb1b80007962e6d","","",""
"","","Senja Nan Merah Tiffin 2 Tier","","Fixed","","330.00","","","231.00","","","","0","","","","","","","Tiffin Jeiwa (Consignment)","","","Do Not Print Kitchen Docket","6a016c8cb812200007299e72","","",""
"SH0052","","TALESOCKS","Socks","Fixed","","60.00","","","39.00","","","Simple","1","","","","-9.00","","","Talesocks (Consignment)","","","","69dc60e27bb1b80007962e1f","","",""
"SH0070","","TIFFIN JEIWA 3 TIER","Tiffin Jeiwa","Fixed","","380.00","","","247.00","","","Simple","1","","","","","","","Tiffin Jeiwa (Consignment)","","","","69dc60e37bb1b80007962f09","","",""
"SH0071","","TIFFIN JEIWA 4 TIER","Tiffin Jeiwa","Fixed","","480.00","","","312.00","","","Simple","1","","","","","","","Tiffin Jeiwa (Consignment)","","","","69dc60e37bb1b80007962f16","","",""
"SH0072","","TIFFIN JEIWA 5 TIER","Tiffin Jeiwa","Fixed","","560.00","","","364.00","","","Simple","1","","","","","","","Tiffin Jeiwa (Consignment)","","","","69dc60e37bb1b80007962f23","","",""
"SH0076","","TIFFIN JEIWA CUP (70)","Tiffin Jeiwa","Fixed","","70.00","","","45.50","","","Simple","1","","","","-1.00","","","Tiffin Jeiwa (Consignment)","","","","69dc60e37bb1b80007962f57","","",""
"SH0077","","TIFFIN JEIWA KEBAYA KEYCHAIN","Tiffin Jeiwa","Fixed","","89.00","","","57.85","","","Simple","1","","","","-1.00","","","Tiffin Jeiwa (Consignment)","","","","69dc60e37bb1b80007962f64","","",""
"SH0073","","TIFFIN JEIWA LUNCH BOX","Tiffin Jeiwa","Fixed","","350.00","","","227.50","","","Simple","1","","","","","","","Tiffin Jeiwa (Consignment)","","","","69dc60e37bb1b80007962f30","","",""
"SH0074","","TIFFIN JEIWA MUG (120)","Tiffin Jeiwa","Fixed","","120.00","","","78.00","","","Simple","1","","","","-3.00","","","Tiffin Jeiwa (Consignment)","","","","69dc60e37bb1b80007962f3d","","",""
"SH0075","","TIFFIN JEIWA MUG (80)","Tiffin Jeiwa","Fixed","","80.00","","","52.00","","","Simple","1","","","","-3.00","","","Tiffin Jeiwa (Consignment)","","","","69dc60e37bb1b80007962f4a","","",""
"SH0078","","TIFFIN JEIWA SONGKET ENVELOPE","Tiffin Jeiwa","Fixed","","49.00","","","31.85","","","Simple","1","","","","","","","Tiffin Jeiwa (Consignment)","","","","69dc60e37bb1b80007962f71","","",""
"SH0081","","TOTEBAG (49)","Bag","Fixed","","49.00","","","15.50","","","Simple","1","","","","-4.00","","","Lucy","","","","69dc60e37bb1b80007962f98","","",""
"SH0005","","TSHIRT (KIDS)","Shirt","Fixed","","15.00","","","6.50","","","Simple","1","","","","-31.00","","","Lucy","","","","69dc60e17bb1b80007962bbc","","",""
"SH0003","","TSHIRT ADULT (BLACK)","Shirt","Fixed","","49.00","","","13.00","","","Simple","1","","","","16.00","","","Lucy","","","Do Not Print Kitchen Docket","69dc60e17bb1b80007962ba2","","",""
"SH0002","","TSHIRT ADULT (BLACK) 3D","Shirt","Fixed","","49.00","","","15.00","","","Simple","1","","","","-5.00","","","Lucy","","","","69dc60e17bb1b80007962b95","","",""
"SH0001","","TSHIRT ADULT (WHITE)","Shirt","Fixed","","25.00","","","8.50","","","Simple","1","","","","-61.00","","","Lucy","","","","69dc60e17bb1b80007962b88","","",""
"SH0034","","TWIN TOWERS","Decoration","Fixed","","559.00","","","145.00","","","Simple","1","","","","","","","Jeff","","","","69dc60e27bb1b80007962d35","","",""
"","","Tiffin Jeiwa (330)","Tiffin Jeiwa","Fixed","","330.00","","","214.50","","","","0","","","","","","","Tiffin Jeiwa (Consignment)","","","Do Not Print Kitchen Docket","6a44ab8a9cf979000726a558","","",""
"","","Tiffin Jeiwa Mug (90)","Tiffin Jeiwa","Fixed","","90.00","","","58.50","","","","0","","","","","","","Tiffin Jeiwa (Consignment)","","","Do Not Print Kitchen Docket","69e630fa4504500007974884","","",""
"","","Totebag Batik (39)","Bag","Fixed","","39.00","","","8.50","","","","0","","","","","","","Jeff","","","Do Not Print Kitchen Docket","69f0642b1b7f3700074e9d13","","",""
"","","Traditional Attire","MM GM","Fixed","","29.00","","","6.00","","","Simple","1","","","","","","","Traditional Attire (Consignment)","","","Do Not Print Kitchen Docket","6a05c52bbda2200006dff497","","",""
"","6a05c52bbda2200006dff497","Traditional Attire(China)","MM GM","Fixed","","29.00","","","6.00","","","Simple","1","","Design","China","40.00","","","Traditional Attire (Consignment)","","","Do Not Print Kitchen Docket","6a05c52bbda2200006dff4ab","","",""
"","6a05c52bbda2200006dff497","Traditional Attire(India)","MM GM","Fixed","","29.00","","","6.00","","","Simple","1","","Design","India","6.00","","","Traditional Attire (Consignment)","","","Do Not Print Kitchen Docket","6a05c52bbda2200006dff4ae","","",""
"","6a05c52bbda2200006dff497","Traditional Attire(Malaysia Sabah)","MM GM","Fixed","","29.00","","","6.00","","","Simple","1","","Design","Malaysia Sabah","7.00","","","Traditional Attire (Consignment)","","","Do Not Print Kitchen Docket","6a05c52bbda2200006dff4a5","","",""
"","6a05c52bbda2200006dff497","Traditional Attire(Malaysia Sarawak)","MM GM","Fixed","","29.00","","","6.00","","","Simple","1","","Design","Malaysia Sarawak","6.00","","","Traditional Attire (Consignment)","","","Do Not Print Kitchen Docket","6a05c52bbda2200006dff4a8","","",""
"","6a05c52bbda2200006dff497","Traditional Attire(Malaysia)","MM GM","Fixed","","29.00","","","6.00","","","Simple","1","","Design","Malaysia","98.00","","","Traditional Attire (Consignment)","","","Do Not Print Kitchen Docket","6a05c52bbda2200006dff4a2","","",""
"SH0045","","UMBRELLA","Umbrella","Fixed","","25.00","","","8.50","","","Simple","1","","","","-17.00","","","Jeff","","","","69dc60e27bb1b80007962dc4","","",""
"SH0020","","WOODEN MAGNET COLOURFUL","FM GM","Fixed","","15.00","","","6.50","","","Simple","1","","","","-12.00","","","Mariari (Outright)","","","","69dc60e17bb1b80007962c7f","","",""
"SH0011","","WOODEN MAGNET KL","FM PS","Fixed","","15.00","","","1.80","","","Simple","1","","","","-148.00","","","Jeff","","","","69dc60e17bb1b80007962c0a","","",""
"SH0010","","WOODEN MAGNET MALAYSIA","FM PS","Fixed","","15.00","","","1.90","","","Simple","1","","","","-67.00","","","Jeff","","","","69dc60e17bb1b80007962bfd","","",""
"SH0026","","WOODEN POSTCARD","Postcard","Fixed","","16.00","","","10.40","","","Simple","1","","","","-11.00","","","Mariari (Consignment)","","","","69dc60e27bb1b80007962ccd","","",""
"SH0018","","WOODEN POSTCARD (CIRCLE)","FM GM","Fixed","","15.00","","","6.50","","","Simple","1","","","","-2.00","","","Mariari (Outright)","","","","69dc60e17bb1b80007962c65","","",""
"","","Zulaikha Tiffin 2 Tier","","Fixed","","330.00","","","231.00","","","","0","","","","","","","Tiffin Jeiwa (Consignment)","","","Do Not Print Kitchen Docket","6a016c530c458a000777dfee","","",""
